{
    "providers": [
        {
            "type": "bitmap",
            "file": "minecraft:icons/books/greenbook.png",
            "ascent": 8,
            "height": 9,
            "chars": ["\uEF00"]
        },

        

        {
            "type": "bitmap",
            "file": "minecraft:icons/alchemy.png",
            "ascent": 8,
            "height": 9,
            "chars": ["\uEF01"]
        },
        {
            "type": "bitmap",
            "file": "minecraft:icons/alchemy.png",
            "ascent": 17,
            "height": 20,
            "chars": ["\uEF02"]
        },
        {
            "type": "bitmap",
            "file": "minecraft:item/gold_nugget.png",
            "ascent": 12,
            "height": 18,
            "chars": ["\uEF03"]
        },
        {
            "type": "bitmap",
            "file": "minecraft:logo.png",
            "ascent": 12,
            "height": 23,
            "chars": [
                "\uE000"
            ]
        },
        {
            "type": "bitmap",
            "file": "minecraft:discord.png",
            "ascent": 7,
            "height": 7,
            "chars": [
                "\uE004"
            ]
        },
        {
            "type": "bitmap",
            "file": "minecraft:emotes/skull.png",
            "ascent": 6,
            "height": 7,
            "chars": [
                "💀"
            ]
        },
        {
            "type": "bitmap",
            "file": "minecraft:emotes/eyes.png",
            "ascent": 7,
            "height": 8,
            "chars": [
                "👀"
            ]
        },
        {
            "type": "bitmap",
            "file": "minecraft:emotes/domdom.png",
            "ascent": 7,
            "height": 7,
            "chars": [
                "\uE002"
            ]
        }
    ]
}




