{
    "providers": [
       {
            "type": "bitmap",
            "file": "minecraft:icons/logo.png",
            "ascent": 12,
            "height": 23,
            "chars": [
                "\uEF00"
            ]
        },
        {
            "type": "bitmap",
            "file": "minecraft:icons/discord.png",
            "ascent": 7,
            "height": 7,
            "chars": [
                "\uEF01"
            ]
        },
        {
            "type": "bitmap",
            "file": "minecraft:emotes/domdom.png",
            "ascent": 7,
            "height": 7,
            "chars": [
                "\uEF02"
            ]
        },
        {
            "type": "bitmap",
            "file": "minecraft:emotes/skull.png",
            "ascent": 6,
            "height": 7,
            "chars": [
                "💀"
            ]
        },
        {
            "type": "bitmap",
            "file": "minecraft:emotes/eyes.png",
            "ascent": 7,
            "height": 8,
            "chars": [
                "👀"
            ]
        }
    ]
}




