{
    "providers": [
        {
            "type": "bitmap",
            "file": "minecraft:font/logo.png",
            "ascent": 12,
            "height": 23,
            "chars": [
                "\uE000"
            ]
        },
        {
            "type": "bitmap",
            "file": "minecraft:font/discord.png",
            "ascent": 7,
            "height": 7,
            "chars": [
                "\uE001"
            ]
        },
        {
            "type": "bitmap",
            "file": "minecraft:font/emotes/skull.png",
            "ascent": 6,
            "height": 7,
            "chars": [
                "💀"
            ]
        },
        {
            "type": "bitmap",
            "file": "minecraft:font/emotes/eyes.png",
            "ascent": 7,
            "height": 8,
            "chars": [
                "👀"
            ]
        },
        {
            "type": "bitmap",
            "file": "minecraft:font/emotes/domdom.png",
            "ascent": 7,
            "height": 7,
            "chars": [
                "\uE002"
            ]
        }
    ]
}